{
  "tagline": "Don’t read a resume. Test my fit.",
  "subtagline": "See how my skills, systems, and work align with your role.",
  "primaryCta": "Start fit conversation",
  "builtByLine": "This evaluation system was built by Calum Kershaw.",
  "privacyNote": "Nothing is stored. Session-only.",
  "howItWorks": [
    {
      "title": "Paste or upload a job description",
      "body": "Bring a role description and a bit of context about what success looks like."
    },
    {
      "title": "Have a short guided conversation",
      "body": "The agent asks open-ended prompts to understand the role and environment."
    },
    {
      "title": "Get a clear YES/NO + reasoning",
      "body": "You’ll receive a structured report with fit, risks, and success conditions."
    }
  ]
}
