[
  {
    "id": "1",
    "title": "JollyTails Staff Assistant",
    "description": "AI-powered knowledge base for pet care operations using RAG and OpenAI embeddings. Consolidates fragmented SOPs into a searchable system with training tracking and admin analytics.",
    "tags": ["React", "TypeScript", "Express", "OpenAI", "RAG"],
    "link": "https://github.com/Calum136/jollytails-staff-assistant"
  },
  {
    "id": "2",
    "title": "AI Showcase Site (This Site)",
    "description": "Portfolio and hiring evaluation system built with content-driven architecture. Demonstrates AI integration, systems thinking, and modern full-stack development.",
    "tags": ["TypeScript", "React", "PostgreSQL", "Express"],
    "link": "https://github.com/Calum136/ai-showcase-site"
  }
]
